Gene,Order,SeqHeader,PercentMutated,NumMutated,NumPositions,,
mcyA,Chroococcales,Seq1,0,0,9751,,27714
mcyA,Chroococcales,Seq2,44.73,4362,9751,,
mcyA,Chroococcales,Seq3,32.65,3184,9751,,
mcyA,Chroococcales,Seq4,44.61,4350,9751,,
mcyA,Chroococcales,Seq5,81.25,7923,9751,,
mcyA,Chroococcales,Seq6,80.97,7895,9751,,
mcyB,Chroococcales,Seq1,0,0,6947,,21253
mcyB,Chroococcales,Seq2,65.19,4529,6947,,
mcyB,Chroococcales,Seq3,48.84,3393,6947,,
mcyB,Chroococcales,Seq4,63.98,4445,6947,,
mcyB,Chroococcales,Seq5,64.13,4455,6947,,
mcyB,Chroococcales,Seq6,63.78,4431,6947,,
mcyE,Chroococcales,Seq1,0,0,14473,,65869
mcyE,Chroococcales,Seq2,8.48,1227,14473,,
mcyE,Chroococcales,Seq3,7.95,1151,14473,,
mcyE,Chroococcales,Seq4,11.39,1648,14473,,
mcyE,Chroococcales,Seq5,3.77,545,14473,,
mcyE,Chroococcales,Seq6,8.55,1238,14473,,
mcyE,Chroococcales,Seq7,7.32,1059,14473,,
mcyE,Chroococcales,Seq8,7.95,1151,14473,,
mcyE,Chroococcales,Seq9,4.28,620,14473,,
mcyE,Chroococcales,Seq10,8.47,1226,14473,,
mcyE,Chroococcales,Seq11,8.53,1234,14473,,
mcyE,Chroococcales,Seq12,8.22,1190,14473,,
mcyE,Chroococcales,Seq13,8.22,1190,14473,,
mcyE,Chroococcales,Seq14,11.5,1664,14473,,
mcyE,Chroococcales,Seq15,8.4,1216,14473,,
mcyE,Chroococcales,Seq16,8.04,1163,14473,,
mcyE,Chroococcales,Seq17,70.05,10138,14473,,
mcyE,Chroococcales,Seq18,10.77,1559,14473,,
mcyE,Chroococcales,Seq19,8.64,1251,14473,,
mcyE,Chroococcales,Seq20,8.37,1212,14473,,
mcyE,Chroococcales,Seq21,8.44,1222,14473,,
mcyE,Chroococcales,Seq22,7.77,1124,14473,,
mcyE,Chroococcales,Seq23,7.86,1138,14473,,
mcyE,Chroococcales,Seq24,8.6,1244,14473,,
mcyE,Chroococcales,Seq25,8.6,1244,14473,,
mcyE,Chroococcales,Seq26,7.95,1150,14473,,
mcyE,Chroococcales,Seq27,7.86,1137,14473,,
mcyE,Chroococcales,Seq28,9,1303,14473,,
mcyE,Chroococcales,Seq29,8.46,1224,14473,,
mcyE,Chroococcales,Seq30,8.57,1240,14473,,
mcyE,Chroococcales,Seq31,10.56,1528,14473,,
mcyE,Chroococcales,Seq32,9.56,1384,14473,,
mcyE,Chroococcales,Seq33,9.58,1386,14473,,
mcyE,Chroococcales,Seq34,9.98,1445,14473,,
mcyE,Chroococcales,Seq35,10.33,1495,14473,,
mcyE,Chroococcales,Seq36,12.52,1812,14473,,
mcyE,Chroococcales,Seq37,9.65,1396,14473,,
mcyE,Chroococcales,Seq38,70,10131,14473,,
mcyE,Chroococcales,Seq39,10.94,1584,14473,,
mcyH,Chroococcales,Seq1,0,0,4643,,234027
mcyH,Chroococcales,Seq2,28.73,1334,4643,,
mcyH,Chroococcales,Seq3,30.45,1414,4643,,
mcyH,Chroococcales,Seq4,33.17,1540,4643,,
mcyH,Chroococcales,Seq5,36.14,1678,4643,,
mcyH,Chroococcales,Seq6,29.27,1359,4643,,
mcyH,Chroococcales,Seq7,29.01,1347,4643,,
mcyH,Chroococcales,Seq8,29.36,1363,4643,,
mcyH,Chroococcales,Seq9,33.08,1536,4643,,
mcyH,Chroococcales,Seq10,32.72,1519,4643,,
mcyH,Chroococcales,Seq11,31.32,1454,4643,,
mcyH,Chroococcales,Seq12,32.11,1491,4643,,
mcyH,Chroococcales,Seq13,32.52,1510,4643,,
mcyH,Chroococcales,Seq14,29.44,1367,4643,,
mcyH,Chroococcales,Seq15,29.77,1382,4643,,
mcyH,Chroococcales,Seq16,29.92,1389,4643,,
mcyH,Chroococcales,Seq17,31.62,1468,4643,,
mcyH,Chroococcales,Seq18,34.25,1590,4643,,
mcyH,Chroococcales,Seq19,33.99,1578,4643,,
mcyH,Chroococcales,Seq20,31.42,1459,4643,,
mcyH,Chroococcales,Seq21,33.06,1535,4643,,
mcyH,Chroococcales,Seq22,28.11,1305,4643,,
mcyH,Chroococcales,Seq23,30.33,1408,4643,,
mcyH,Chroococcales,Seq24,28.99,1346,4643,,
mcyH,Chroococcales,Seq25,28.86,1340,4643,,
mcyH,Chroococcales,Seq26,30.84,1432,4643,,
mcyH,Chroococcales,Seq27,33.04,1534,4643,,
mcyH,Chroococcales,Seq28,30.5,1416,4643,,
mcyH,Chroococcales,Seq29,30.5,1416,4643,,
mcyH,Chroococcales,Seq30,33.32,1547,4643,,
mcyH,Chroococcales,Seq31,34.29,1592,4643,,
mcyH,Chroococcales,Seq32,30.28,1406,4643,,
mcyH,Chroococcales,Seq33,36.68,1703,4643,,
mcyH,Chroococcales,Seq34,34.05,1581,4643,,
mcyH,Chroococcales,Seq35,29.66,1377,4643,,
mcyH,Chroococcales,Seq36,29.66,1377,4643,,
mcyH,Chroococcales,Seq37,29.66,1377,4643,,
mcyH,Chroococcales,Seq38,29.36,1363,4643,,
mcyH,Chroococcales,Seq39,37.11,1723,4643,,
mcyH,Chroococcales,Seq40,28.39,1318,4643,,
mcyH,Chroococcales,Seq41,31.7,1472,4643,,
mcyH,Chroococcales,Seq42,28.65,1330,4643,,
mcyH,Chroococcales,Seq43,31.32,1454,4643,,
mcyH,Chroococcales,Seq44,28.02,1301,4643,,
mcyH,Chroococcales,Seq45,33.47,1554,4643,,
mcyH,Chroococcales,Seq46,30.41,1412,4643,,
mcyH,Chroococcales,Seq47,36.42,1691,4643,,
mcyH,Chroococcales,Seq48,29.1,1351,4643,,
mcyH,Chroococcales,Seq49,29.77,1382,4643,,
mcyH,Chroococcales,Seq50,29.77,1382,4643,,
mcyH,Chroococcales,Seq51,29.38,1364,4643,,
mcyH,Chroococcales,Seq52,29.44,1367,4643,,
mcyH,Chroococcales,Seq53,32.2,1495,4643,,
mcyH,Chroococcales,Seq54,28.93,1343,4643,,
mcyH,Chroococcales,Seq55,28.86,1340,4643,,
mcyH,Chroococcales,Seq56,29.03,1348,4643,,
mcyH,Chroococcales,Seq57,29.33,1362,4643,,
mcyH,Chroococcales,Seq58,30.5,1416,4643,,
mcyH,Chroococcales,Seq59,29.74,1381,4643,,
mcyH,Chroococcales,Seq60,29.74,1381,4643,,
mcyH,Chroococcales,Seq61,30.84,1432,4643,,
mcyH,Chroococcales,Seq62,30.84,1432,4643,,
mcyH,Chroococcales,Seq63,32.44,1506,4643,,
mcyH,Chroococcales,Seq64,30.05,1395,4643,,
mcyH,Chroococcales,Seq65,29.68,1378,4643,,
mcyH,Chroococcales,Seq66,32.41,1505,4643,,
mcyH,Chroococcales,Seq67,29.74,1381,4643,,
mcyH,Chroococcales,Seq68,30.39,1411,4643,,
mcyH,Chroococcales,Seq69,30.39,1411,4643,,
mcyH,Chroococcales,Seq70,29.12,1352,4643,,
mcyH,Chroococcales,Seq71,29.38,1364,4643,,
mcyH,Chroococcales,Seq72,29.89,1388,4643,,
mcyH,Chroococcales,Seq73,31.75,1474,4643,,
mcyH,Chroococcales,Seq74,43.12,2002,4643,,
mcyH,Chroococcales,Seq75,32.91,1528,4643,,
mcyH,Chroococcales,Seq76,29.12,1352,4643,,
mcyH,Chroococcales,Seq77,29.68,1378,4643,,
mcyH,Chroococcales,Seq78,28.67,1331,4643,,
mcyH,Chroococcales,Seq79,29.42,1366,4643,,
mcyH,Chroococcales,Seq80,45.42,2109,4643,,
mcyH,Chroococcales,Seq81,45.32,2104,4643,,
mcyH,Chroococcales,Seq82,29.38,1364,4643,,
mcyH,Chroococcales,Seq83,29.38,1364,4643,,
mcyH,Chroococcales,Seq84,29.87,1387,4643,,
mcyH,Chroococcales,Seq85,28.86,1340,4643,,
mcyH,Chroococcales,Seq86,28.86,1340,4643,,
mcyH,Chroococcales,Seq87,30.48,1415,4643,,
mcyH,Chroococcales,Seq88,30.71,1426,4643,,
mcyH,Chroococcales,Seq89,30.13,1399,4643,,
mcyH,Chroococcales,Seq90,30.28,1406,4643,,
mcyH,Chroococcales,Seq91,29.25,1358,4643,,
mcyH,Chroococcales,Seq92,29.25,1358,4643,,
mcyH,Chroococcales,Seq93,30.41,1412,4643,,
mcyH,Chroococcales,Seq94,53.8,2498,4643,,
mcyH,Chroococcales,Seq95,38.21,1774,4643,,
mcyH,Chroococcales,Seq96,28.99,1346,4643,,
mcyH,Chroococcales,Seq97,28.99,1346,4643,,
mcyH,Chroococcales,Seq98,30.02,1394,4643,,
mcyH,Chroococcales,Seq99,31.21,1449,4643,,
mcyH,Chroococcales,Seq100,31.21,1449,4643,,
mcyH,Chroococcales,Seq101,30.65,1423,4643,,
mcyH,Chroococcales,Seq102,30.65,1423,4643,,
mcyH,Chroococcales,Seq103,32.76,1521,4643,,
mcyH,Chroococcales,Seq104,30.07,1396,4643,,
mcyH,Chroococcales,Seq105,30.07,1396,4643,,
mcyH,Chroococcales,Seq106,30.93,1436,4643,,
mcyH,Chroococcales,Seq107,30.13,1399,4643,,
mcyH,Chroococcales,Seq108,30.86,1433,4643,,
mcyH,Chroococcales,Seq109,30.86,1433,4643,,
mcyH,Chroococcales,Seq110,30.86,1433,4643,,
mcyH,Chroococcales,Seq111,30.43,1413,4643,,
mcyH,Chroococcales,Seq112,30.28,1406,4643,,
mcyH,Chroococcales,Seq113,30.28,1406,4643,,
mcyH,Chroococcales,Seq114,30.05,1395,4643,,
mcyH,Chroococcales,Seq115,30.65,1423,4643,,
mcyH,Chroococcales,Seq116,31.21,1449,4643,,
mcyH,Chroococcales,Seq117,31.06,1442,4643,,
mcyH,Chroococcales,Seq118,30.63,1422,4643,,
mcyH,Chroococcales,Seq119,30.35,1409,4643,,
mcyH,Chroococcales,Seq120,30.35,1409,4643,,
mcyH,Chroococcales,Seq121,32.2,1495,4643,,
mcyH,Chroococcales,Seq122,30.84,1432,4643,,
mcyH,Chroococcales,Seq123,30.73,1427,4643,,
mcyH,Chroococcales,Seq124,30.63,1422,4643,,
mcyH,Chroococcales,Seq125,31.73,1473,4643,,
mcyH,Chroococcales,Seq126,31.57,1466,4643,,
mcyH,Chroococcales,Seq127,31.29,1453,4643,,
mcyH,Chroococcales,Seq128,31.29,1453,4643,,
mcyH,Chroococcales,Seq129,30.48,1415,4643,,
mcyH,Chroococcales,Seq130,30.48,1415,4643,,
mcyH,Chroococcales,Seq131,30.43,1413,4643,,
mcyH,Chroococcales,Seq132,30.43,1413,4643,,
mcyH,Chroococcales,Seq133,43.33,2012,4643,,
mcyH,Chroococcales,Seq134,43.33,2012,4643,,
mcyH,Chroococcales,Seq135,31.88,1480,4643,,
mcyH,Chroococcales,Seq136,30.05,1395,4643,,
mcyH,Chroococcales,Seq137,30.05,1395,4643,,
mcyH,Chroococcales,Seq138,34.33,1594,4643,,
mcyH,Chroococcales,Seq139,34.33,1594,4643,,
mcyH,Chroococcales,Seq140,33.32,1547,4643,,
mcyH,Chroococcales,Seq141,31.27,1452,4643,,
mcyH,Chroococcales,Seq142,31.7,1472,4643,,
mcyH,Chroococcales,Seq143,33.19,1541,4643,,
mcyH,Chroococcales,Seq144,33.19,1541,4643,,
mcyH,Chroococcales,Seq145,31.77,1475,4643,,
mcyH,Chroococcales,Seq146,31.77,1475,4643,,
mcyH,Chroococcales,Seq147,62.78,2915,4643,,
mcyH,Chroococcales,Seq148,33.62,1561,4643,,
mcyH,Chroococcales,Seq149,38.14,1771,4643,,
mcyH,Chroococcales,Seq150,54.96,2552,4643,,
mcyH,Chroococcales,Seq151,33.36,1549,4643,,
mcyH,Chroococcales,Seq152,44.17,2051,4643,,
mcyH,Chroococcales,Seq153,35.95,1669,4643,,
mcyH,Chroococcales,Seq154,34.29,1592,4643,,
mcyH,Chroococcales,Seq155,66.94,3108,4643,,
mcyH,Chroococcales,Seq156,66.9,3106,4643,,
mcyA,Nostocales,Seq1,0,0,9771,,
mcyA,Nostocales,Seq2,57.76,5644,9771,,
mcyA,Nostocales,Seq3,56.61,5531,9771,,
mcyA,Nostocales,Seq4,63.82,6236,9771,,
mcyA,Nostocales,Seq5,63.82,6236,9771,,
mcyB,Nostocales,Seq1,0,0,8597,,
mcyB,Nostocales,Seq2,22.25,1913,8597,,
mcyB,Nostocales,Seq3,70.95,6100,8597,,
mcyB,Nostocales,Seq4,70.95,6100,8597,,
mcyB,Nostocales,Seq5,63.37,5448,8597,,
mcyE,Nostocales,Seq1,0,0,12503,,
mcyE,Nostocales,Seq2,9.98,1248,12503,,
mcyE,Nostocales,Seq3,9.74,1218,12503,,
mcyE,Nostocales,Seq4,5.05,631,12503,,
mcyE,Nostocales,Seq5,8.12,1015,12503,,
mcyE,Nostocales,Seq6,8.12,1015,12503,,
mcyE,Nostocales,Seq7,8.06,1008,12503,,
mcyE,Nostocales,Seq8,13.41,1677,12503,,
mcyE,Nostocales,Seq9,13.46,1683,12503,,
mcyE,Nostocales,Seq10,13.46,1683,12503,,
mcyE,Nostocales,Seq11,13.44,1681,12503,,
mcyE,Nostocales,Seq12,9.28,1160,12503,,
mcyE,Nostocales,Seq13,9.58,1198,12503,,
mcyE,Nostocales,Seq14,10.42,1303,12503,,
mcyE,Nostocales,Seq15,10.4,1300,12503,,
mcyE,Nostocales,Seq16,9.77,1222,12503,,
mcyE,Nostocales,Seq17,9.59,1199,12503,,
mcyE,Nostocales,Seq18,9.59,1199,12503,,
mcyE,Nostocales,Seq19,10.05,1256,12503,,
mcyE,Nostocales,Seq20,13.93,1742,12503,,
mcyE,Nostocales,Seq21,11.69,1461,12503,,
mcyE,Nostocales,Seq22,8.81,1102,12503,,
mcyE,Nostocales,Seq23,9.48,1185,12503,,
mcyE,Nostocales,Seq24,9.48,1185,12503,,
mcyE,Nostocales,Seq25,10.51,1314,12503,,
mcyE,Nostocales,Seq26,9.87,1234,12503,,
mcyE,Nostocales,Seq27,9.54,1193,12503,,
mcyE,Nostocales,Seq28,9.54,1193,12503,,
mcyE,Nostocales,Seq29,10.37,1296,12503,,
mcyE,Nostocales,Seq30,10.57,1322,12503,,
mcyE,Nostocales,Seq31,10.58,1323,12503,,
mcyE,Nostocales,Seq32,9.51,1189,12503,,
mcyE,Nostocales,Seq33,10.37,1297,12503,,
mcyE,Nostocales,Seq34,9.65,1207,12503,,
mcyE,Nostocales,Seq35,10.27,1284,12503,,
mcyE,Nostocales,Seq36,10.09,1261,12503,,
mcyE,Nostocales,Seq37,10.03,1254,12503,,
mcyE,Nostocales,Seq38,10.89,1362,12503,,
mcyE,Nostocales,Seq39,9.77,1221,12503,,
mcyE,Nostocales,Seq40,10.27,1284,12503,,
mcyE,Nostocales,Seq41,11.34,1418,12503,,
mcyE,Nostocales,Seq42,10.38,1298,12503,,
mcyE,Nostocales,Seq43,81.2,10152,12503,,
mcyE,Nostocales,Seq44,11.68,1460,12503,,
mcyE,Nostocales,Seq45,10.41,1302,12503,,
mcyE,Nostocales,Seq46,10.41,1302,12503,,
mcyE,Nostocales,Seq47,9.75,1219,12503,,
mcyE,Nostocales,Seq48,11.53,1442,12503,,
mcyE,Nostocales,Seq49,10.89,1361,12503,,
mcyE,Nostocales,Seq50,11.07,1384,12503,,
mcyE,Nostocales,Seq51,10.37,1297,12503,,
mcyE,Nostocales,Seq52,10.47,1309,12503,,
mcyE,Nostocales,Seq53,82.22,10280,12503,,
mcyE,Nostocales,Seq54,11.4,1425,12503,,
mcyH,Nostocales,Seq1,0,0,5466,,
mcyH,Nostocales,Seq2,3.88,212,5466,,
mcyH,Nostocales,Seq3,23.23,1270,5466,,
mcyH,Nostocales,Seq4,28.78,1573,5466,,
mcyH,Nostocales,Seq5,28.27,1545,5466,,
mcyH,Nostocales,Seq6,24.61,1345,5466,,
mcyH,Nostocales,Seq7,23.98,1311,5466,,
mcyH,Nostocales,Seq8,30.59,1672,5466,,
mcyH,Nostocales,Seq9,23.44,1281,5466,,
mcyH,Nostocales,Seq10,24.95,1364,5466,,
mcyH,Nostocales,Seq11,24.95,1364,5466,,
mcyH,Nostocales,Seq12,24.61,1345,5466,,
mcyH,Nostocales,Seq13,25.98,1420,5466,,
mcyH,Nostocales,Seq14,24.41,1334,5466,,
mcyH,Nostocales,Seq15,23.98,1311,5466,,
mcyH,Nostocales,Seq16,24.11,1318,5466,,
mcyH,Nostocales,Seq17,24.99,1366,5466,,
mcyH,Nostocales,Seq18,22.61,1236,5466,,
mcyH,Nostocales,Seq19,22.67,1239,5466,,
mcyH,Nostocales,Seq20,24.57,1343,5466,,
mcyH,Nostocales,Seq21,23.56,1288,5466,,
mcyH,Nostocales,Seq22,24.7,1350,5466,,
mcyH,Nostocales,Seq23,29.07,1589,5466,,
mcyH,Nostocales,Seq24,23.49,1284,5466,,
mcyH,Nostocales,Seq25,30.63,1674,5466,,
mcyH,Nostocales,Seq26,30.63,1674,5466,,
mcyH,Nostocales,Seq27,26.03,1423,5466,,
mcyH,Nostocales,Seq28,24.28,1327,5466,,
mcyH,Nostocales,Seq29,24.33,1330,5466,,
mcyH,Nostocales,Seq30,24.42,1335,5466,,
mcyH,Nostocales,Seq31,25.05,1369,5466,,
mcyH,Nostocales,Seq32,24.24,1325,5466,,
mcyH,Nostocales,Seq33,23.8,1301,5466,,
mcyH,Nostocales,Seq34,27.22,1488,5466,,
mcyH,Nostocales,Seq35,24.24,1325,5466,,
mcyH,Nostocales,Seq36,31.94,1746,5466,,
mcyH,Nostocales,Seq37,29.49,1612,5466,,
mcyH,Nostocales,Seq38,23.71,1296,5466,,
mcyH,Nostocales,Seq39,24.59,1344,5466,,
mcyH,Nostocales,Seq40,24.17,1321,5466,,
mcyH,Nostocales,Seq41,31.36,1714,5466,,
mcyH,Nostocales,Seq42,31.49,1721,5466,,
mcyH,Nostocales,Seq43,26.02,1422,5466,,
mcyH,Nostocales,Seq44,23.16,1266,5466,,
mcyH,Nostocales,Seq45,22.5,1230,5466,,
mcyH,Nostocales,Seq46,24.9,1361,5466,,
mcyH,Nostocales,Seq47,33.85,1850,5466,,
mcyH,Nostocales,Seq48,24.57,1343,5466,,
mcyH,Nostocales,Seq49,24.24,1325,5466,,
mcyH,Nostocales,Seq50,22.78,1245,5466,,
mcyH,Nostocales,Seq51,31.43,1718,5466,,
mcyH,Nostocales,Seq52,25.08,1371,5466,,
mcyH,Nostocales,Seq53,25.17,1376,5466,,
mcyH,Nostocales,Seq54,23.64,1292,5466,,
mcyH,Nostocales,Seq55,24.08,1316,5466,,
mcyH,Nostocales,Seq56,24.02,1313,5466,,
mcyH,Nostocales,Seq57,23.51,1285,5466,,
mcyH,Nostocales,Seq58,23.36,1277,5466,,
mcyH,Nostocales,Seq59,23.23,1270,5466,,
mcyH,Nostocales,Seq60,24.5,1339,5466,,
mcyH,Nostocales,Seq61,22.78,1245,5466,,
mcyH,Nostocales,Seq62,24.13,1319,5466,,
mcyH,Nostocales,Seq63,25.27,1381,5466,,
mcyH,Nostocales,Seq64,25.27,1381,5466,,
mcyH,Nostocales,Seq65,25.27,1381,5466,,
mcyH,Nostocales,Seq66,24.62,1346,5466,,
mcyH,Nostocales,Seq67,23.56,1288,5466,,
mcyH,Nostocales,Seq68,24.17,1321,5466,,
mcyH,Nostocales,Seq69,23.69,1295,5466,,
mcyH,Nostocales,Seq70,23.97,1310,5466,,
mcyH,Nostocales,Seq71,28.91,1580,5466,,
mcyH,Nostocales,Seq72,23.97,1310,5466,,
mcyH,Nostocales,Seq73,35.57,1944,5466,,
mcyH,Nostocales,Seq74,31.32,1712,5466,,
mcyH,Nostocales,Seq75,23.49,1284,5466,,
mcyH,Nostocales,Seq76,23.49,1284,5466,,
mcyH,Nostocales,Seq77,22.63,1237,5466,,
mcyH,Nostocales,Seq78,23.97,1310,5466,,
mcyH,Nostocales,Seq79,31.06,1698,5466,,
mcyH,Nostocales,Seq80,23.71,1296,5466,,
mcyH,Nostocales,Seq81,24.53,1341,5466,,
mcyH,Nostocales,Seq82,23.49,1284,5466,,
mcyH,Nostocales,Seq83,23.49,1284,5466,,
mcyH,Nostocales,Seq84,23.47,1283,5466,,
mcyH,Nostocales,Seq85,24.97,1365,5466,,
mcyH,Nostocales,Seq86,24.97,1365,5466,,
mcyH,Nostocales,Seq87,24,1312,5466,,
mcyH,Nostocales,Seq88,23.73,1297,5466,,
mcyH,Nostocales,Seq89,25.48,1393,5466,,
mcyH,Nostocales,Seq90,24.02,1313,5466,,
mcyH,Nostocales,Seq91,23.47,1283,5466,,
mcyH,Nostocales,Seq92,23.82,1302,5466,,
mcyH,Nostocales,Seq93,24.77,1354,5466,,
mcyH,Nostocales,Seq94,24.77,1354,5466,,
mcyH,Nostocales,Seq95,23.6,1290,5466,,
mcyH,Nostocales,Seq96,25.19,1377,5466,,
mcyH,Nostocales,Seq97,23.89,1306,5466,,
mcyH,Nostocales,Seq98,24.72,1351,5466,,
mcyH,Nostocales,Seq99,23.67,1294,5466,,
mcyH,Nostocales,Seq100,23.78,1300,5466,,
mcyH,Nostocales,Seq101,36.63,2002,5466,,
mcyH,Nostocales,Seq102,26.05,1424,5466,,
mcyH,Nostocales,Seq103,23.62,1291,5466,,
mcyH,Nostocales,Seq104,24.19,1322,5466,,
mcyH,Nostocales,Seq105,26.51,1449,5466,,
mcyH,Nostocales,Seq106,24.37,1332,5466,,
mcyH,Nostocales,Seq107,24.72,1351,5466,,
mcyH,Nostocales,Seq108,23.95,1309,5466,,
mcyH,Nostocales,Seq109,24.28,1327,5466,,
mcyH,Nostocales,Seq110,24.48,1338,5466,,
mcyH,Nostocales,Seq111,24.48,1338,5466,,
mcyH,Nostocales,Seq112,24.79,1355,5466,,
mcyH,Nostocales,Seq113,26.09,1426,5466,,
mcyH,Nostocales,Seq114,24.26,1326,5466,,
mcyH,Nostocales,Seq115,23.86,1304,5466,,
mcyH,Nostocales,Seq116,24.13,1319,5466,,
mcyH,Nostocales,Seq117,27.83,1521,5466,,
mcyH,Nostocales,Seq118,24.11,1318,5466,,
mcyH,Nostocales,Seq119,25.83,1412,5466,,
mcyH,Nostocales,Seq120,24.39,1333,5466,,
mcyH,Nostocales,Seq121,24.94,1363,5466,,
mcyH,Nostocales,Seq122,25.03,1368,5466,,
mcyH,Nostocales,Seq123,31.81,1739,5466,,
mcyH,Nostocales,Seq124,23.18,1267,5466,,
mcyH,Nostocales,Seq125,24.19,1322,5466,,
mcyH,Nostocales,Seq126,24.19,1322,5466,,
mcyH,Nostocales,Seq127,24.19,1322,5466,,
mcyH,Nostocales,Seq128,24.64,1347,5466,,
mcyH,Nostocales,Seq129,26.31,1438,5466,,
mcyH,Nostocales,Seq130,23.45,1282,5466,,
mcyH,Nostocales,Seq131,23.95,1309,5466,,
mcyH,Nostocales,Seq132,24.92,1362,5466,,
mcyH,Nostocales,Seq133,23.64,1292,5466,,
mcyH,Nostocales,Seq134,24.55,1342,5466,,
mcyH,Nostocales,Seq135,23.05,1260,5466,,
mcyH,Nostocales,Seq136,24.33,1330,5466,,
mcyH,Nostocales,Seq137,26.98,1475,5466,,
mcyH,Nostocales,Seq138,27.92,1526,5466,,
mcyH,Nostocales,Seq139,27.92,1526,5466,,
mcyH,Nostocales,Seq140,24.88,1360,5466,,
mcyH,Nostocales,Seq141,24.48,1338,5466,,
mcyH,Nostocales,Seq142,23.91,1307,5466,,
mcyH,Nostocales,Seq143,23.91,1307,5466,,
mcyH,Nostocales,Seq144,24.53,1341,5466,,
mcyH,Nostocales,Seq145,26.8,1465,5466,,
mcyH,Nostocales,Seq146,23.95,1309,5466,,
mcyH,Nostocales,Seq147,23.71,1296,5466,,
mcyH,Nostocales,Seq148,24.64,1347,5466,,
mcyH,Nostocales,Seq149,25.17,1376,5466,,
mcyH,Nostocales,Seq150,24.35,1331,5466,,
mcyH,Nostocales,Seq151,23.8,1301,5466,,
mcyH,Nostocales,Seq152,24.3,1328,5466,,
mcyH,Nostocales,Seq153,24.41,1334,5466,,
mcyH,Nostocales,Seq154,24.41,1334,5466,,
mcyH,Nostocales,Seq155,28.72,1570,5466,,
mcyH,Nostocales,Seq156,24.31,1329,5466,,
mcyH,Nostocales,Seq157,24.42,1335,5466,,
mcyH,Nostocales,Seq158,24.79,1355,5466,,
mcyH,Nostocales,Seq159,24.46,1337,5466,,
mcyH,Nostocales,Seq160,23.31,1274,5466,,
mcyH,Nostocales,Seq161,24.83,1357,5466,,
mcyH,Nostocales,Seq162,23.84,1303,5466,,
mcyH,Nostocales,Seq163,24.81,1356,5466,,
mcyH,Nostocales,Seq164,23.05,1260,5466,,
mcyH,Nostocales,Seq165,47.62,2603,5466,,
mcyH,Nostocales,Seq166,25.8,1410,5466,,
mcyH,Nostocales,Seq167,23.75,1298,5466,,
mcyH,Nostocales,Seq168,24.08,1316,5466,,
mcyH,Nostocales,Seq169,24.46,1337,5466,,
mcyH,Nostocales,Seq170,24.13,1319,5466,,
mcyH,Nostocales,Seq171,25.01,1367,5466,,
mcyH,Nostocales,Seq172,27.17,1485,5466,,
mcyH,Nostocales,Seq173,24.24,1325,5466,,
mcyH,Nostocales,Seq174,25.5,1394,5466,,
mcyH,Nostocales,Seq175,28.89,1579,5466,,
mcyH,Nostocales,Seq176,24.84,1358,5466,,
mcyH,Nostocales,Seq177,28.89,1579,5466,,
mcyH,Nostocales,Seq178,23.97,1310,5466,,
mcyH,Nostocales,Seq179,24.24,1325,5466,,
mcyH,Nostocales,Seq180,24.04,1314,5466,,
mcyH,Nostocales,Seq181,24.24,1325,5466,,
mcyH,Nostocales,Seq182,25.98,1420,5466,,
mcyH,Nostocales,Seq183,24.28,1327,5466,,
mcyH,Nostocales,Seq184,27.66,1512,5466,,
mcyH,Nostocales,Seq185,27.61,1509,5466,,
mcyH,Nostocales,Seq186,53.71,2936,5466,,
mcyH,Nostocales,Seq187,24.61,1345,5466,,
mcyH,Nostocales,Seq188,24.3,1328,5466,,
mcyH,Nostocales,Seq189,23.91,1307,5466,,
mcyH,Nostocales,Seq190,24.59,1344,5466,,
mcyH,Nostocales,Seq191,24.13,1319,5466,,
mcyH,Nostocales,Seq192,25.45,1391,5466,,
mcyH,Nostocales,Seq193,24.99,1366,5466,,
mcyH,Nostocales,Seq194,24.3,1328,5466,,
mcyH,Nostocales,Seq195,24.73,1352,5466,,
mcyH,Nostocales,Seq196,24.46,1337,5466,,
mcyH,Nostocales,Seq197,27.26,1490,5466,,
mcyH,Nostocales,Seq198,24.83,1357,5466,,
mcyH,Nostocales,Seq199,44.13,2412,5466,,
mcyH,Nostocales,Seq200,24.42,1335,5466,,
mcyH,Nostocales,Seq201,24.42,1335,5466,,
mcyH,Nostocales,Seq202,24.73,1352,5466,,
mcyH,Nostocales,Seq203,27.61,1509,5466,,
mcyH,Nostocales,Seq204,26.51,1449,5466,,
mcyH,Nostocales,Seq205,26.4,1443,5466,,
mcyH,Nostocales,Seq206,24.72,1351,5466,,
mcyH,Nostocales,Seq207,25.76,1408,5466,,
mcyH,Nostocales,Seq208,25.28,1382,5466,,
mcyH,Nostocales,Seq209,24.35,1331,5466,,
mcyH,Nostocales,Seq210,24.84,1358,5466,,
mcyH,Nostocales,Seq211,25.96,1419,5466,,
mcyH,Nostocales,Seq212,24.46,1337,5466,,
mcyH,Nostocales,Seq213,47.86,2616,5466,,
mcyH,Nostocales,Seq214,26.58,1453,5466,,
mcyH,Nostocales,Seq215,26.36,1441,5466,,
mcyH,Nostocales,Seq216,24.81,1356,5466,,
mcyH,Nostocales,Seq217,48.72,2663,5466,,
mcyH,Nostocales,Seq218,24.61,1345,5466,,
mcyH,Nostocales,Seq219,26.38,1442,5466,,
mcyH,Nostocales,Seq220,24.57,1343,5466,,
mcyH,Nostocales,Seq221,25.28,1382,5466,,
mcyH,Nostocales,Seq222,24.62,1346,5466,,
mcyH,Nostocales,Seq223,25.54,1396,5466,,
mcyH,Nostocales,Seq224,27.7,1514,5466,,
mcyH,Nostocales,Seq225,27.61,1509,5466,,
mcyH,Nostocales,Seq226,26.66,1457,5466,,
mcyH,Nostocales,Seq227,25.16,1375,5466,,
mcyH,Nostocales,Seq228,47.44,2593,5466,,
mcyH,Nostocales,Seq229,25.39,1388,5466,,
mcyH,Nostocales,Seq230,25.32,1384,5466,,
mcyH,Nostocales,Seq231,25.78,1409,5466,,
mcyH,Nostocales,Seq232,26.49,1448,5466,,
mcyH,Nostocales,Seq233,26.05,1424,5466,,
mcyH,Nostocales,Seq234,25.96,1419,5466,,
mcyH,Nostocales,Seq235,31.27,1709,5466,,
mcyH,Nostocales,Seq236,25.47,1392,5466,,
mcyH,Nostocales,Seq237,25.85,1413,5466,,
mcyH,Nostocales,Seq238,28.17,1540,5466,,
mcyH,Nostocales,Seq239,28.72,1570,5466,,
mcyH,Nostocales,Seq240,63.74,3484,5466,,
mcyH,Nostocales,Seq241,62.9,3438,5466,,
mcyH,Nostocales,Seq242,29.97,1638,5466,,
mcyH,Nostocales,Seq243,64.8,3542,5466,,
mcyA,Oscillatoriales,Seq1,0,0,8637,,
mcyA,Oscillatoriales,Seq2,34.57,2986,8637,,
mcyA,Oscillatoriales,Seq3,81.22,7015,8637,,
mcyA,Oscillatoriales,Seq4,47.06,4065,8637,,
mcyB,Oscillatoriales,Seq1,0,0,7053,,
mcyB,Oscillatoriales,Seq2,43.34,3057,7053,,
mcyB,Oscillatoriales,Seq3,70.28,4957,7053,,
mcyB,Oscillatoriales,Seq4,42.97,3031,7053,,
mcyE,Oscillatoriales,Seq1,0,0,10641,,
mcyE,Oscillatoriales,Seq2,0.4,43,10641,,
mcyE,Oscillatoriales,Seq3,15.16,1613,10641,,
mcyE,Oscillatoriales,Seq4,15.09,1606,10641,,
mcyE,Oscillatoriales,Seq5,10.56,1124,10641,,
mcyE,Oscillatoriales,Seq6,10.69,1137,10641,,
mcyE,Oscillatoriales,Seq7,15.04,1600,10641,,
mcyE,Oscillatoriales,Seq8,11.15,1186,10641,,
mcyE,Oscillatoriales,Seq9,11.34,1207,10641,,
mcyE,Oscillatoriales,Seq10,11.67,1242,10641,,
mcyE,Oscillatoriales,Seq11,11.28,1200,10641,,
mcyE,Oscillatoriales,Seq12,11.35,1208,10641,,
mcyE,Oscillatoriales,Seq13,11.19,1191,10641,,
mcyE,Oscillatoriales,Seq14,10.96,1166,10641,,
mcyE,Oscillatoriales,Seq15,13.49,1435,10641,,
mcyE,Oscillatoriales,Seq16,10.78,1147,10641,,
mcyE,Oscillatoriales,Seq17,11.21,1193,10641,,
mcyE,Oscillatoriales,Seq18,11.95,1272,10641,,
mcyE,Oscillatoriales,Seq19,9.83,1046,10641,,
mcyE,Oscillatoriales,Seq20,10.9,1160,10641,,
mcyE,Oscillatoriales,Seq21,11.51,1225,10641,,
mcyE,Oscillatoriales,Seq22,11.19,1191,10641,,
mcyE,Oscillatoriales,Seq23,10.29,1095,10641,,
mcyE,Oscillatoriales,Seq24,10.9,1160,10641,,
mcyE,Oscillatoriales,Seq25,10.44,1111,10641,,
mcyE,Oscillatoriales,Seq26,10.35,1101,10641,,
mcyE,Oscillatoriales,Seq27,10.43,1110,10641,,
mcyE,Oscillatoriales,Seq28,10.97,1167,10641,,
mcyE,Oscillatoriales,Seq29,11.15,1186,10641,,
mcyE,Oscillatoriales,Seq30,11.29,1201,10641,,
mcyE,Oscillatoriales,Seq31,10.51,1118,10641,,
mcyE,Oscillatoriales,Seq32,14.92,1588,10641,,
mcyE,Oscillatoriales,Seq33,8.56,911,10641,,
mcyE,Oscillatoriales,Seq34,10.88,1158,10641,,
mcyE,Oscillatoriales,Seq35,10.43,1110,10641,,
mcyE,Oscillatoriales,Seq36,11.82,1258,10641,,
mcyE,Oscillatoriales,Seq37,10.97,1167,10641,,
mcyE,Oscillatoriales,Seq38,10.75,1144,10641,,
mcyE,Oscillatoriales,Seq39,11.81,1257,10641,,
mcyE,Oscillatoriales,Seq40,10.93,1163,10641,,
mcyE,Oscillatoriales,Seq41,11.03,1174,10641,,
mcyE,Oscillatoriales,Seq42,10.49,1116,10641,,
mcyE,Oscillatoriales,Seq43,11.9,1266,10641,,
mcyE,Oscillatoriales,Seq44,12.5,1330,10641,,
mcyE,Oscillatoriales,Seq45,11.21,1193,10641,,
mcyE,Oscillatoriales,Seq46,14.83,1578,10641,,
mcyE,Oscillatoriales,Seq47,13.89,1478,10641,,
mcyE,Oscillatoriales,Seq48,95.87,10202,10641,,
mcyE,Oscillatoriales,Seq49,12.53,1333,10641,,
mcyH,Oscillatoriales,Seq1,0,0,6172,,
mcyH,Oscillatoriales,Seq2,24.06,1485,6172,,
mcyH,Oscillatoriales,Seq3,23.4,1444,6172,,
mcyH,Oscillatoriales,Seq4,23.44,1447,6172,,
mcyH,Oscillatoriales,Seq5,24.21,1494,6172,,
mcyH,Oscillatoriales,Seq6,24.17,1492,6172,,
mcyH,Oscillatoriales,Seq7,25.13,1551,6172,,
mcyH,Oscillatoriales,Seq8,23.22,1433,6172,,
mcyH,Oscillatoriales,Seq9,24.21,1494,6172,,
mcyH,Oscillatoriales,Seq10,23.82,1470,6172,,
mcyH,Oscillatoriales,Seq11,27.53,1699,6172,,
mcyH,Oscillatoriales,Seq12,24.43,1508,6172,,
mcyH,Oscillatoriales,Seq13,23.14,1428,6172,,
mcyH,Oscillatoriales,Seq14,24.19,1493,6172,,
mcyH,Oscillatoriales,Seq15,24.22,1495,6172,,
mcyH,Oscillatoriales,Seq16,23.35,1441,6172,,
mcyH,Oscillatoriales,Seq17,23.48,1449,6172,,
mcyH,Oscillatoriales,Seq18,23.4,1444,6172,,
mcyH,Oscillatoriales,Seq19,24,1481,6172,,
mcyH,Oscillatoriales,Seq20,24,1481,6172,,
mcyH,Oscillatoriales,Seq21,23.57,1455,6172,,
mcyH,Oscillatoriales,Seq22,25.23,1557,6172,,
mcyH,Oscillatoriales,Seq23,25.23,1557,6172,,
mcyH,Oscillatoriales,Seq24,23.36,1442,6172,,
mcyH,Oscillatoriales,Seq25,28.9,1784,6172,,
mcyH,Oscillatoriales,Seq26,23.72,1464,6172,,
mcyH,Oscillatoriales,Seq27,22.18,1369,6172,,
mcyH,Oscillatoriales,Seq28,23.09,1425,6172,,
mcyH,Oscillatoriales,Seq29,23.74,1465,6172,,
mcyH,Oscillatoriales,Seq30,25.26,1559,6172,,
mcyH,Oscillatoriales,Seq31,25.36,1565,6172,,
mcyH,Oscillatoriales,Seq32,26.98,1665,6172,,
mcyH,Oscillatoriales,Seq33,22.34,1379,6172,,
mcyH,Oscillatoriales,Seq34,23.72,1464,6172,,
mcyH,Oscillatoriales,Seq35,23.75,1466,6172,,
mcyH,Oscillatoriales,Seq36,24.11,1488,6172,,
mcyH,Oscillatoriales,Seq37,23.49,1450,6172,,
mcyH,Oscillatoriales,Seq38,24.5,1512,6172,,
mcyH,Oscillatoriales,Seq39,24.5,1512,6172,,
mcyH,Oscillatoriales,Seq40,23.93,1477,6172,,
mcyH,Oscillatoriales,Seq41,25.05,1546,6172,,
mcyH,Oscillatoriales,Seq42,23.75,1466,6172,,
mcyH,Oscillatoriales,Seq43,22.94,1416,6172,,
mcyH,Oscillatoriales,Seq44,31.12,1921,6172,,
mcyH,Oscillatoriales,Seq45,26.39,1629,6172,,
mcyH,Oscillatoriales,Seq46,24.92,1538,6172,,
mcyH,Oscillatoriales,Seq47,28.31,1747,6172,,
mcyH,Oscillatoriales,Seq48,24.3,1500,6172,,
mcyH,Oscillatoriales,Seq49,23.54,1453,6172,,
mcyH,Oscillatoriales,Seq50,23.87,1473,6172,,
mcyH,Oscillatoriales,Seq51,24.22,1495,6172,,
mcyH,Oscillatoriales,Seq52,23.17,1430,6172,,
mcyH,Oscillatoriales,Seq53,23.27,1436,6172,,
mcyH,Oscillatoriales,Seq54,23.3,1438,6172,,
mcyH,Oscillatoriales,Seq55,25.29,1561,6172,,
mcyH,Oscillatoriales,Seq56,24.63,1520,6172,,
mcyH,Oscillatoriales,Seq57,24.09,1487,6172,,
mcyH,Oscillatoriales,Seq58,25,1543,6172,,
mcyH,Oscillatoriales,Seq59,23.87,1473,6172,,
mcyH,Oscillatoriales,Seq60,24.42,1507,6172,,
mcyH,Oscillatoriales,Seq61,26.09,1610,6172,,
mcyH,Oscillatoriales,Seq62,24.42,1507,6172,,
mcyH,Oscillatoriales,Seq63,26.62,1643,6172,,
mcyH,Oscillatoriales,Seq64,26.64,1644,6172,,
mcyH,Oscillatoriales,Seq65,26.12,1612,6172,,
mcyH,Oscillatoriales,Seq66,24.98,1542,6172,,
mcyH,Oscillatoriales,Seq67,24.58,1517,6172,,
mcyH,Oscillatoriales,Seq68,25.26,1559,6172,,
mcyH,Oscillatoriales,Seq69,25.28,1560,6172,,
mcyH,Oscillatoriales,Seq70,47.59,2937,6172,,
mcyH,Oscillatoriales,Seq71,26.2,1617,6172,,
mcyH,Oscillatoriales,Seq72,30.1,1858,6172,,
mcyH,Oscillatoriales,Seq73,31.4,1938,6172,,
mcyH,Oscillatoriales,Seq74,27.58,1702,6172,,
mcyH,Oscillatoriales,Seq75,30.33,1872,6172,,
mcyH,Oscillatoriales,Seq76,28.22,1742,6172,,
mcyH,Oscillatoriales,Seq77,29.07,1794,6172,,
mcyH,Oscillatoriales,Seq78,30.46,1880,6172,,
mcyH,Oscillatoriales,Seq79,31.14,1922,6172,,
mcyH,Oscillatoriales,Seq80,27.59,1703,6172,,
mcyH,Oscillatoriales,Seq81,31.25,1929,6172,,
mcyH,Oscillatoriales,Seq82,27.64,1706,6172,,
mcyH,Oscillatoriales,Seq83,27.24,1681,6172,,
mcyH,Oscillatoriales,Seq84,31.04,1916,6172,,
mcyH,Oscillatoriales,Seq85,30.04,1854,6172,,
mcyH,Oscillatoriales,Seq86,35.16,2170,6172,,
mcyH,Oscillatoriales,Seq87,29.73,1835,6172,,
mcyH,Oscillatoriales,Seq88,29.97,1850,6172,,
mcyH,Oscillatoriales,Seq89,29.42,1816,6172,,
mcyH,Oscillatoriales,Seq90,30.01,1852,6172,,
mcyH,Oscillatoriales,Seq91,39.05,2410,6172,,
mcyH,Oscillatoriales,Seq92,27.92,1723,6172,,
mcyH,Oscillatoriales,Seq93,28.48,1758,6172,,
mcyH,Oscillatoriales,Seq94,34.92,2155,6172,,
mcyH,Oscillatoriales,Seq95,34.33,2119,6172,,
mcyH,Oscillatoriales,Seq96,27.67,1708,6172,,
mcyH,Oscillatoriales,Seq97,32.89,2030,6172,,
mcyH,Oscillatoriales,Seq98,27.03,1668,6172,,
mcyH,Oscillatoriales,Seq99,27.38,1690,6172,,
mcyH,Oscillatoriales,Seq100,28.09,1734,6172,,
mcyH,Oscillatoriales,Seq101,27.79,1715,6172,,
mcyH,Oscillatoriales,Seq102,35.21,2173,6172,,
mcyH,Oscillatoriales,Seq103,28.32,1748,6172,,
mcyH,Oscillatoriales,Seq104,27.61,1704,6172,,
mcyH,Oscillatoriales,Seq105,27.88,1721,6172,,
mcyH,Oscillatoriales,Seq106,27.82,1717,6172,,
mcyH,Oscillatoriales,Seq107,36.37,2245,6172,,
mcyH,Oscillatoriales,Seq108,27.66,1707,6172,,
mcyH,Oscillatoriales,Seq109,29.18,1801,6172,,
mcyH,Oscillatoriales,Seq110,28.39,1752,6172,,
mcyH,Oscillatoriales,Seq111,28.37,1751,6172,,
mcyH,Oscillatoriales,Seq112,28.08,1733,6172,,
mcyH,Oscillatoriales,Seq113,27.41,1692,6172,,
mcyH,Oscillatoriales,Seq114,38.27,2362,6172,,
mcyH,Oscillatoriales,Seq115,32.24,1990,6172,,
mcyH,Oscillatoriales,Seq116,28.37,1751,6172,,
mcyH,Oscillatoriales,Seq117,27.69,1709,6172,,
mcyH,Oscillatoriales,Seq118,45.46,2806,6172,,
mcyH,Oscillatoriales,Seq119,39.87,2461,6172,,
mcyH,Oscillatoriales,Seq120,28.95,1787,6172,,
mcyH,Oscillatoriales,Seq121,32.23,1989,6172,,
mcyH,Oscillatoriales,Seq122,35.22,2174,6172,,
mcyH,Oscillatoriales,Seq123,29.57,1825,6172,,
mcyH,Oscillatoriales,Seq124,33.49,2067,6172,,
mcyH,Oscillatoriales,Seq125,30.69,1894,6172,,
mcyH,Oscillatoriales,Seq126,37.02,2285,6172,,
mcyH,Oscillatoriales,Seq127,33.68,2079,6172,,
mcyH,Oscillatoriales,Seq128,29.21,1803,6172,,
mcyH,Oscillatoriales,Seq129,27.53,1699,6172,,
mcyH,Oscillatoriales,Seq130,26.26,1621,6172,,
mcyH,Oscillatoriales,Seq131,28.86,1781,6172,,
mcyH,Oscillatoriales,Seq132,30.35,1873,6172,,
mcyH,Oscillatoriales,Seq133,34.07,2103,6172,,
mcyH,Oscillatoriales,Seq134,30.77,1899,6172,,
mcyH,Oscillatoriales,Seq135,30.93,1909,6172,,
mcyH,Oscillatoriales,Seq136,33.25,2052,6172,,
mcyH,Oscillatoriales,Seq137,26.99,1666,6172,,
mcyH,Oscillatoriales,Seq138,28.18,1739,6172,,
mcyH,Oscillatoriales,Seq139,28.56,1763,6172,,
mcyH,Oscillatoriales,Seq140,30.77,1899,6172,,
mcyH,Oscillatoriales,Seq141,27.45,1694,6172,,
mcyH,Oscillatoriales,Seq142,27.74,1712,6172,,
mcyH,Oscillatoriales,Seq143,26.41,1630,6172,,
mcyH,Oscillatoriales,Seq144,26.05,1608,6172,,
mcyH,Oscillatoriales,Seq145,28.53,1761,6172,,
mcyH,Oscillatoriales,Seq146,37.25,2299,6172,,
mcyH,Oscillatoriales,Seq147,31.04,1916,6172,,
mcyH,Oscillatoriales,Seq148,27.98,1727,6172,,
mcyH,Oscillatoriales,Seq149,27.98,1727,6172,,
mcyH,Oscillatoriales,Seq150,26.88,1659,6172,,
mcyH,Oscillatoriales,Seq151,32.87,2029,6172,,
mcyH,Oscillatoriales,Seq152,35.69,2203,6172,,
mcyH,Oscillatoriales,Seq153,29.41,1815,6172,,
mcyH,Oscillatoriales,Seq154,30.36,1874,6172,,
mcyH,Oscillatoriales,Seq155,27.95,1725,6172,,
mcyH,Oscillatoriales,Seq156,29.16,1800,6172,,
mcyH,Oscillatoriales,Seq157,28.5,1759,6172,,
mcyH,Oscillatoriales,Seq158,28.76,1775,6172,,
mcyH,Oscillatoriales,Seq159,27.64,1706,6172,,
mcyH,Oscillatoriales,Seq160,42.06,2596,6172,,
mcyH,Oscillatoriales,Seq161,28.14,1737,6172,,
mcyH,Oscillatoriales,Seq162,28.11,1735,6172,,
mcyH,Oscillatoriales,Seq163,29.18,1801,6172,,
mcyH,Oscillatoriales,Seq164,27.43,1693,6172,,
mcyH,Oscillatoriales,Seq165,28.22,1742,6172,,
mcyH,Oscillatoriales,Seq166,30.14,1860,6172,,
mcyH,Oscillatoriales,Seq167,27.92,1723,6172,,
mcyH,Oscillatoriales,Seq168,27.19,1678,6172,,
mcyH,Oscillatoriales,Seq169,29.28,1807,6172,,
mcyH,Oscillatoriales,Seq170,30.62,1890,6172,,
mcyH,Oscillatoriales,Seq171,28.27,1745,6172,,
mcyH,Oscillatoriales,Seq172,30.33,1872,6172,,
mcyH,Oscillatoriales,Seq173,27.45,1694,6172,,
mcyH,Oscillatoriales,Seq174,28.31,1747,6172,,
mcyH,Oscillatoriales,Seq175,28.05,1731,6172,,
mcyH,Oscillatoriales,Seq176,34.02,2100,6172,,
mcyH,Oscillatoriales,Seq177,27.32,1686,6172,,
mcyH,Oscillatoriales,Seq178,48.33,2983,6172,,
mcyH,Oscillatoriales,Seq179,29.03,1792,6172,,
mcyH,Oscillatoriales,Seq180,28.47,1757,6172,,
mcyH,Oscillatoriales,Seq181,33.41,2062,6172,,
mcyH,Oscillatoriales,Seq182,29.75,1836,6172,,
mcyH,Oscillatoriales,Seq183,28.74,1774,6172,,
mcyH,Oscillatoriales,Seq184,28.73,1773,6172,,
mcyH,Oscillatoriales,Seq185,27.87,1720,6172,,
mcyH,Oscillatoriales,Seq186,28.19,1740,6172,,
mcyH,Oscillatoriales,Seq187,26.88,1659,6172,,
mcyH,Oscillatoriales,Seq188,29.49,1820,6172,,
mcyH,Oscillatoriales,Seq189,53.22,3285,6172,,
mcyH,Oscillatoriales,Seq190,27.62,1705,6172,,
mcyH,Oscillatoriales,Seq191,35.73,2205,6172,,
mcyH,Oscillatoriales,Seq192,33.15,2046,6172,,
mcyH,Oscillatoriales,Seq193,31.79,1962,6172,,
mcyH,Oscillatoriales,Seq194,28.6,1765,6172,,
mcyH,Oscillatoriales,Seq195,30.59,1888,6172,,
mcyH,Oscillatoriales,Seq196,28.68,1770,6172,,
mcyH,Oscillatoriales,Seq197,33,2037,6172,,
mcyH,Oscillatoriales,Seq198,28.68,1770,6172,,
mcyH,Oscillatoriales,Seq199,33.51,2068,6172,,
mcyH,Oscillatoriales,Seq200,32.66,2016,6172,,
mcyH,Oscillatoriales,Seq201,32.53,2008,6172,,
mcyH,Oscillatoriales,Seq202,30.65,1892,6172,,
mcyH,Oscillatoriales,Seq203,31.97,1973,6172,,
mcyH,Oscillatoriales,Seq204,30.64,1891,6172,,
mcyH,Oscillatoriales,Seq205,51.26,3164,6172,,
